<annotation>
  <folder>Adriana</folder>
  <filename>Adriana_Salazar/103.bbq-sauce-2-768x1152.jpg</filename>
  <source>
    <database>Unknown</database>
    <annotation>Unknown</annotation>
    <image>Unknown</image>
  </source>
  <size>
    <width>768</width>
    <height>1152</height>
    <depth></depth>
  </size>
  <segmented>0</segmented>
  <object>
    <name>Sauce</name>
    <truncated>0</truncated>
    <occluded>0</occluded>
    <difficult>0</difficult>
    <bndbox>
      <xmin>34.5</xmin>
      <ymin>604.0</ymin>
      <xmax>722.36</xmax>
      <ymax>898.51</ymax>
    </bndbox>
    <attributes>
      <attribute>
        <name>States</name>
        <value>other</value>
      </attribute>
      <attribute>
        <name>rotation</name>
        <value>0.0</value>
      </attribute>
    </attributes>
  </object>
</annotation>
