<annotation>
  <folder>Adriana</folder>
  <filename>Adriana_Salazar/105.801da1bc-038a-486c-bfad-c8a5cd5e5f8a.a9074a2da72f68a78e03a5a1612c7b00.jpeg</filename>
  <source>
    <database>Unknown</database>
    <annotation>Unknown</annotation>
    <image>Unknown</image>
  </source>
  <size>
    <width>3024</width>
    <height>3024</height>
    <depth></depth>
  </size>
  <segmented>0</segmented>
  <object>
    <name>Sauce</name>
    <truncated>0</truncated>
    <occluded>0</occluded>
    <difficult>0</difficult>
    <bndbox>
      <xmin>1318.8</xmin>
      <ymin>782.9</ymin>
      <xmax>1685.8</xmax>
      <ymax>1169.53</ymax>
    </bndbox>
    <attributes>
      <attribute>
        <name>States</name>
        <value>other</value>
      </attribute>
      <attribute>
        <name>rotation</name>
        <value>0.0</value>
      </attribute>
    </attributes>
  </object>
</annotation>
