<annotation>
  <folder>Adriana</folder>
  <filename>Adriana_Salazar/108.5D4B5001-Easy-Cranberry-Sauce-closeup-of-cranberry-sauce.jpg</filename>
  <source>
    <database>Unknown</database>
    <annotation>Unknown</annotation>
    <image>Unknown</image>
  </source>
  <size>
    <width>2000</width>
    <height>3000</height>
    <depth></depth>
  </size>
  <segmented>0</segmented>
  <object>
    <name>Sauce</name>
    <truncated>0</truncated>
    <occluded>0</occluded>
    <difficult>0</difficult>
    <bndbox>
      <xmin>250.0</xmin>
      <ymin>1611.65</ymin>
      <xmax>1978.2</xmax>
      <ymax>2466.02</ymax>
    </bndbox>
    <attributes>
      <attribute>
        <name>States</name>
        <value>creamy</value>
      </attribute>
      <attribute>
        <name>rotation</name>
        <value>0.0</value>
      </attribute>
    </attributes>
  </object>
</annotation>
