<annotation>
  <folder>Adriana</folder>
  <filename>Adriana_Salazar/11.Cream-Cheese-1024x683.jpg</filename>
  <source>
    <database>Unknown</database>
    <annotation>Unknown</annotation>
    <image>Unknown</image>
  </source>
  <size>
    <width>1024</width>
    <height>683</height>
    <depth></depth>
  </size>
  <segmented>0</segmented>
  <object>
    <name>Cheese</name>
    <truncated>0</truncated>
    <occluded>0</occluded>
    <difficult>0</difficult>
    <bndbox>
      <xmin>175.42</xmin>
      <ymin>334.35</ymin>
      <xmax>666.12</xmax>
      <ymax>613.96</ymax>
    </bndbox>
    <attributes>
      <attribute>
        <name>States</name>
        <value>creamy</value>
      </attribute>
      <attribute>
        <name>rotation</name>
        <value>0.0</value>
      </attribute>
    </attributes>
  </object>
</annotation>
