<annotation>
  <folder>Adriana</folder>
  <filename>Adriana_Salazar/111.creole-sauce-recipe-3052299-step-04-75dc3792d72440ee99295b7645ffda3f.jpg</filename>
  <source>
    <database>Unknown</database>
    <annotation>Unknown</annotation>
    <image>Unknown</image>
  </source>
  <size>
    <width>6016</width>
    <height>4016</height>
    <depth></depth>
  </size>
  <segmented>0</segmented>
  <object>
    <name>Sauce</name>
    <truncated>0</truncated>
    <occluded>0</occluded>
    <difficult>0</difficult>
    <bndbox>
      <xmin>1971.14</xmin>
      <ymin>2039.86</ymin>
      <xmax>3914.5</xmax>
      <ymax>2982.84</ymax>
    </bndbox>
    <attributes>
      <attribute>
        <name>States</name>
        <value>other</value>
      </attribute>
      <attribute>
        <name>rotation</name>
        <value>0.6999999999999886</value>
      </attribute>
    </attributes>
  </object>
</annotation>
