<annotation>
  <folder>Adriana</folder>
  <filename>Adriana_Salazar/114.tomato-sauce-2-scaled.jpg</filename>
  <source>
    <database>Unknown</database>
    <annotation>Unknown</annotation>
    <image>Unknown</image>
  </source>
  <size>
    <width>924</width>
    <height>1386</height>
    <depth></depth>
  </size>
  <segmented>0</segmented>
  <object>
    <name>Sauce</name>
    <truncated>0</truncated>
    <occluded>0</occluded>
    <difficult>0</difficult>
    <bndbox>
      <xmin>333.09</xmin>
      <ymin>592.13</ymin>
      <xmax>656.05</xmax>
      <ymax>755.85</ymax>
    </bndbox>
    <attributes>
      <attribute>
        <name>States</name>
        <value>creamy</value>
      </attribute>
      <attribute>
        <name>rotation</name>
        <value>0.0</value>
      </attribute>
    </attributes>
  </object>
  <object>
    <name>Sauce</name>
    <truncated>0</truncated>
    <occluded>0</occluded>
    <difficult>0</difficult>
    <bndbox>
      <xmin>550.59</xmin>
      <ymin>314.03</ymin>
      <xmax>703.11</xmax>
      <ymax>435.16</ymax>
    </bndbox>
    <attributes>
      <attribute>
        <name>States</name>
        <value>creamy</value>
      </attribute>
      <attribute>
        <name>rotation</name>
        <value>0.0</value>
      </attribute>
    </attributes>
  </object>
</annotation>
