<annotation>
  <folder>Adriana</folder>
  <filename>Adriana_Salazar/119.enchilada-sauce.jpg</filename>
  <source>
    <database>Unknown</database>
    <annotation>Unknown</annotation>
    <image>Unknown</image>
  </source>
  <size>
    <width>750</width>
    <height>1127</height>
    <depth></depth>
  </size>
  <segmented>0</segmented>
  <object>
    <name>Sauce</name>
    <truncated>0</truncated>
    <occluded>0</occluded>
    <difficult>0</difficult>
    <bndbox>
      <xmin>260.94</xmin>
      <ymin>409.38</ymin>
      <xmax>527.2</xmax>
      <ymax>568.0</ymax>
    </bndbox>
    <attributes>
      <attribute>
        <name>States</name>
        <value>creamy</value>
      </attribute>
      <attribute>
        <name>rotation</name>
        <value>0.0</value>
      </attribute>
    </attributes>
  </object>
</annotation>
