<annotation>
  <folder>Adriana</folder>
  <filename>Adriana_Salazar/121.potstickers-3199-8.jpg</filename>
  <source>
    <database>Unknown</database>
    <annotation>Unknown</annotation>
    <image>Unknown</image>
  </source>
  <size>
    <width>1360</width>
    <height>2040</height>
    <depth></depth>
  </size>
  <segmented>0</segmented>
  <object>
    <name>Sauce</name>
    <truncated>0</truncated>
    <occluded>0</occluded>
    <difficult>0</difficult>
    <bndbox>
      <xmin>502.09</xmin>
      <ymin>858.82</ymin>
      <xmax>1125.57</xmax>
      <ymax>1260.61</ymax>
    </bndbox>
    <attributes>
      <attribute>
        <name>States</name>
        <value>other</value>
      </attribute>
      <attribute>
        <name>rotation</name>
        <value>32.199999999999974</value>
      </attribute>
    </attributes>
  </object>
</annotation>
