<annotation>
  <folder>Adriana</folder>
  <filename>Adriana_Salazar/122.hoisin-sauce-and-sweet-and-sour-chili-sauce-asia-71735005-582f24295f9b58d5b1ab93a7.jpg</filename>
  <source>
    <database>Unknown</database>
    <annotation>Unknown</annotation>
    <image>Unknown</image>
  </source>
  <size>
    <width>3413</width>
    <height>5120</height>
    <depth></depth>
  </size>
  <segmented>0</segmented>
  <object>
    <name>Sauce</name>
    <truncated>0</truncated>
    <occluded>0</occluded>
    <difficult>0</difficult>
    <bndbox>
      <xmin>910.82</xmin>
      <ymin>2833.72</ymin>
      <xmax>1366.48</xmax>
      <ymax>3579.35</ymax>
    </bndbox>
    <attributes>
      <attribute>
        <name>States</name>
        <value>creamy</value>
      </attribute>
      <attribute>
        <name>rotation</name>
        <value>0.0</value>
      </attribute>
    </attributes>
  </object>
  <object>
    <name>Sauce</name>
    <truncated>0</truncated>
    <occluded>0</occluded>
    <difficult>0</difficult>
    <bndbox>
      <xmin>2078.97</xmin>
      <ymin>2510.6</ymin>
      <xmax>2576.1</xmax>
      <ymax>3430.22</ymax>
    </bndbox>
    <attributes>
      <attribute>
        <name>States</name>
        <value>creamy</value>
      </attribute>
      <attribute>
        <name>rotation</name>
        <value>0.0</value>
      </attribute>
    </attributes>
  </object>
</annotation>
