<annotation>
  <folder>Adriana</folder>
  <filename>Adriana_Salazar/136.Fry-Sauce_EXPS_FT21_168856_F_0216_1-4.jpg</filename>
  <source>
    <database>Unknown</database>
    <annotation>Unknown</annotation>
    <image>Unknown</image>
  </source>
  <size>
    <width>1200</width>
    <height>1200</height>
    <depth></depth>
  </size>
  <segmented>0</segmented>
  <object>
    <name>Sauce</name>
    <truncated>0</truncated>
    <occluded>0</occluded>
    <difficult>0</difficult>
    <bndbox>
      <xmin>366.12</xmin>
      <ymin>520.49</ymin>
      <xmax>796.99</xmax>
      <ymax>800.1</ymax>
    </bndbox>
    <attributes>
      <attribute>
        <name>States</name>
        <value>creamy</value>
      </attribute>
      <attribute>
        <name>rotation</name>
        <value>0.0</value>
      </attribute>
    </attributes>
  </object>
</annotation>
