<annotation>
  <folder>Adriana</folder>
  <filename>Adriana_Salazar/14.GettyImages-885990-001-5c3bd4e3c9e77c00010e5d6a.jpg</filename>
  <source>
    <database>Unknown</database>
    <annotation>Unknown</annotation>
    <image>Unknown</image>
  </source>
  <size>
    <width>3593</width>
    <height>2395</height>
    <depth></depth>
  </size>
  <segmented>0</segmented>
  <object>
    <name>Cheese</name>
    <truncated>0</truncated>
    <occluded>0</occluded>
    <difficult>0</difficult>
    <bndbox>
      <xmin>1839.1</xmin>
      <ymin>1458.9</ymin>
      <xmax>2773.08</xmax>
      <ymax>1834.84</ymax>
    </bndbox>
    <attributes>
      <attribute>
        <name>States</name>
        <value>creamy</value>
      </attribute>
      <attribute>
        <name>rotation</name>
        <value>0.0</value>
      </attribute>
    </attributes>
  </object>
</annotation>
