<annotation>
  <folder>Adriana</folder>
  <filename>Adriana_Salazar/16.CREAM-CHEESE.jpg</filename>
  <source>
    <database>Unknown</database>
    <annotation>Unknown</annotation>
    <image>Unknown</image>
  </source>
  <size>
    <width>1600</width>
    <height>900</height>
    <depth></depth>
  </size>
  <segmented>0</segmented>
  <object>
    <name>Cheese</name>
    <truncated>0</truncated>
    <occluded>0</occluded>
    <difficult>0</difficult>
    <bndbox>
      <xmin>691.62</xmin>
      <ymin>251.69</ymin>
      <xmax>1088.21</xmax>
      <ymax>502.45</ymax>
    </bndbox>
    <attributes>
      <attribute>
        <name>States</name>
        <value>creamy</value>
      </attribute>
      <attribute>
        <name>rotation</name>
        <value>0.0</value>
      </attribute>
    </attributes>
  </object>
</annotation>
