<annotation>
  <folder>Adriana</folder>
  <filename>Adriana_Salazar/21.VeganCreamCheeseBagel281of129.jpg</filename>
  <source>
    <database>Unknown</database>
    <annotation>Unknown</annotation>
    <image>Unknown</image>
  </source>
  <size>
    <width>2500</width>
    <height>3750</height>
    <depth></depth>
  </size>
  <segmented>0</segmented>
  <object>
    <name>Cheese</name>
    <truncated>0</truncated>
    <occluded>0</occluded>
    <difficult>0</difficult>
    <bndbox>
      <xmin>2002.7</xmin>
      <ymin>491.79</ymin>
      <xmax>2494.22</xmax>
      <ymax>989.4</ymax>
    </bndbox>
    <attributes>
      <attribute>
        <name>States</name>
        <value>creamy</value>
      </attribute>
      <attribute>
        <name>rotation</name>
        <value>0.0</value>
      </attribute>
    </attributes>
  </object>
  <object>
    <name>Cheese</name>
    <truncated>0</truncated>
    <occluded>0</occluded>
    <difficult>0</difficult>
    <bndbox>
      <xmin>734.31</xmin>
      <ymin>1784.21</ymin>
      <xmax>1918.0</xmax>
      <ymax>1948.11</ymax>
    </bndbox>
    <attributes>
      <attribute>
        <name>States</name>
        <value>creamy</value>
      </attribute>
      <attribute>
        <name>rotation</name>
        <value>3.8000000000000114</value>
      </attribute>
    </attributes>
  </object>
</annotation>
