<annotation>
  <folder>Adriana</folder>
  <filename>Adriana_Salazar/24.2087720976.jpg</filename>
  <source>
    <database>Unknown</database>
    <annotation>Unknown</annotation>
    <image>Unknown</image>
  </source>
  <size>
    <width>1425</width>
    <height>1235</height>
    <depth></depth>
  </size>
  <segmented>0</segmented>
  <object>
    <name>Sauce</name>
    <truncated>0</truncated>
    <occluded>0</occluded>
    <difficult>0</difficult>
    <bndbox>
      <xmin>329.83</xmin>
      <ymin>478.71</ymin>
      <xmax>901.3599999999999</xmax>
      <ymax>912.36</ymax>
    </bndbox>
    <attributes>
      <attribute>
        <name>States</name>
        <value>other</value>
      </attribute>
      <attribute>
        <name>rotation</name>
        <value>0.0</value>
      </attribute>
    </attributes>
  </object>
</annotation>
