<annotation>
  <folder>Adriana</folder>
  <filename>Adriana_Salazar/25.pe9wewhdks0ekxnt5ldu.jpg</filename>
  <source>
    <database>Unknown</database>
    <annotation>Unknown</annotation>
    <image>Unknown</image>
  </source>
  <size>
    <width>2400</width>
    <height>2400</height>
    <depth></depth>
  </size>
  <segmented>0</segmented>
  <object>
    <name>Cheese</name>
    <truncated>0</truncated>
    <occluded>0</occluded>
    <difficult>0</difficult>
    <bndbox>
      <xmin>647.79</xmin>
      <ymin>1715.05</ymin>
      <xmax>1457.03</xmax>
      <ymax>1931.57</ymax>
    </bndbox>
    <attributes>
      <attribute>
        <name>States</name>
        <value>creamy</value>
      </attribute>
      <attribute>
        <name>rotation</name>
        <value>0.5999999999999943</value>
      </attribute>
    </attributes>
  </object>
</annotation>
