<annotation>
  <folder>Adriana</folder>
  <filename>Adriana_Salazar/29.best-vegan-cheese.jpg</filename>
  <source>
    <database>Unknown</database>
    <annotation>Unknown</annotation>
    <image>Unknown</image>
  </source>
  <size>
    <width>1160</width>
    <height>1676</height>
    <depth></depth>
  </size>
  <segmented>0</segmented>
  <object>
    <name>Cheese</name>
    <truncated>0</truncated>
    <occluded>0</occluded>
    <difficult>0</difficult>
    <bndbox>
      <xmin>544.7</xmin>
      <ymin>420.49</ymin>
      <xmax>786.07</xmax>
      <ymax>1017.13</ymax>
    </bndbox>
    <attributes>
      <attribute>
        <name>States</name>
        <value>liquid</value>
      </attribute>
      <attribute>
        <name>rotation</name>
        <value>0.0</value>
      </attribute>
    </attributes>
  </object>
</annotation>
