<annotation>
  <folder>Adriana</folder>
  <filename>Adriana_Salazar/31.__opt__aboutcom__coeus__resources__content_migration__simply_recipes__uploads__2008__02__Cream-Cheese-Frosting-LEAD-4-16e77187d7304f408091fde65385c46d.jpg</filename>
  <source>
    <database>Unknown</database>
    <annotation>Unknown</annotation>
    <image>Unknown</image>
  </source>
  <size>
    <width>2046</width>
    <height>1364</height>
    <depth></depth>
  </size>
  <segmented>0</segmented>
  <object>
    <name>Cheese</name>
    <truncated>0</truncated>
    <occluded>0</occluded>
    <difficult>0</difficult>
    <bndbox>
      <xmin>493.2</xmin>
      <ymin>286.8</ymin>
      <xmax>1431.21</xmax>
      <ymax>807.7</ymax>
    </bndbox>
    <attributes>
      <attribute>
        <name>States</name>
        <value>creamy</value>
      </attribute>
      <attribute>
        <name>rotation</name>
        <value>0.0</value>
      </attribute>
    </attributes>
  </object>
</annotation>
