<annotation>
  <folder>Adriana</folder>
  <filename>Adriana_Salazar/32.Quick-Arrabbiata-Sauce-l-SimplyScratch.com-19.jpg</filename>
  <source>
    <database>Unknown</database>
    <annotation>Unknown</annotation>
    <image>Unknown</image>
  </source>
  <size>
    <width>1449</width>
    <height>2171</height>
    <depth></depth>
  </size>
  <segmented>0</segmented>
  <object>
    <name>Sauce</name>
    <truncated>0</truncated>
    <occluded>0</occluded>
    <difficult>0</difficult>
    <bndbox>
      <xmin>571.82</xmin>
      <ymin>1016.91</ymin>
      <xmax>937.16</xmax>
      <ymax>1136.35</ymax>
    </bndbox>
    <attributes>
      <attribute>
        <name>States</name>
        <value>creamy</value>
      </attribute>
      <attribute>
        <name>rotation</name>
        <value>0.0</value>
      </attribute>
    </attributes>
  </object>
</annotation>
