<annotation>
  <folder>Adriana</folder>
  <filename>Adriana_Salazar/36.Peanut-Sauce-Recipe.jpg</filename>
  <source>
    <database>Unknown</database>
    <annotation>Unknown</annotation>
    <image>Unknown</image>
  </source>
  <size>
    <width>1392</width>
    <height>1392</height>
    <depth></depth>
  </size>
  <segmented>0</segmented>
  <object>
    <name>Sauce</name>
    <truncated>0</truncated>
    <occluded>0</occluded>
    <difficult>0</difficult>
    <bndbox>
      <xmin>583.48</xmin>
      <ymin>826.74</ymin>
      <xmax>1085.77</xmax>
      <ymax>1119.56</ymax>
    </bndbox>
    <attributes>
      <attribute>
        <name>States</name>
        <value>creamy</value>
      </attribute>
      <attribute>
        <name>rotation</name>
        <value>0.0</value>
      </attribute>
    </attributes>
  </object>
</annotation>
