<annotation>
  <folder>Adriana</folder>
  <filename>Adriana_Salazar/37.de1cb44d-6c6b-4cc8-846c-477c2c67b851.73cd5ac6416a93d089bb01b49aefe415.jpeg</filename>
  <source>
    <database>Unknown</database>
    <annotation>Unknown</annotation>
    <image>Unknown</image>
  </source>
  <size>
    <width>1500</width>
    <height>1500</height>
    <depth></depth>
  </size>
  <segmented>0</segmented>
  <object>
    <name>Cheese</name>
    <truncated>0</truncated>
    <occluded>0</occluded>
    <difficult>0</difficult>
    <bndbox>
      <xmin>822.86</xmin>
      <ymin>1063.16</ymin>
      <xmax>1070.44</xmax>
      <ymax>1332.57</ymax>
    </bndbox>
    <attributes>
      <attribute>
        <name>States</name>
        <value>creamy</value>
      </attribute>
      <attribute>
        <name>rotation</name>
        <value>0.0</value>
      </attribute>
    </attributes>
  </object>
</annotation>
