<annotation>
  <folder>Adriana</folder>
  <filename>Adriana_Salazar/38.BBQsauce-in-a-dish.jpg</filename>
  <source>
    <database>Unknown</database>
    <annotation>Unknown</annotation>
    <image>Unknown</image>
  </source>
  <size>
    <width>1500</width>
    <height>1000</height>
    <depth></depth>
  </size>
  <segmented>0</segmented>
  <object>
    <name>Sauce</name>
    <truncated>0</truncated>
    <occluded>0</occluded>
    <difficult>0</difficult>
    <bndbox>
      <xmin>327.64</xmin>
      <ymin>294.47</ymin>
      <xmax>1007.25</xmax>
      <ymax>642.36</ymax>
    </bndbox>
    <attributes>
      <attribute>
        <name>States</name>
        <value>other</value>
      </attribute>
      <attribute>
        <name>rotation</name>
        <value>0.0</value>
      </attribute>
    </attributes>
  </object>
</annotation>
