<annotation>
  <folder>Adriana</folder>
  <filename>Adriana_Salazar/43.How-to-Make-Hot-Sauce-from-Dried-Peppers4.jpg</filename>
  <source>
    <database>Unknown</database>
    <annotation>Unknown</annotation>
    <image>Unknown</image>
  </source>
  <size>
    <width>1200</width>
    <height>1800</height>
    <depth></depth>
  </size>
  <segmented>0</segmented>
  <object>
    <name>Sauce</name>
    <truncated>0</truncated>
    <occluded>0</occluded>
    <difficult>0</difficult>
    <bndbox>
      <xmin>247.48</xmin>
      <ymin>899.9</ymin>
      <xmax>859.13</xmax>
      <ymax>1389.22</ymax>
    </bndbox>
    <attributes>
      <attribute>
        <name>States</name>
        <value>other</value>
      </attribute>
      <attribute>
        <name>rotation</name>
        <value>0.0</value>
      </attribute>
    </attributes>
  </object>
</annotation>
