<annotation>
  <folder>Adriana</folder>
  <filename>Adriana_Salazar/48.CranberrySauce_1.jpg</filename>
  <source>
    <database>Unknown</database>
    <annotation>Unknown</annotation>
    <image>Unknown</image>
  </source>
  <size>
    <width>3072</width>
    <height>4608</height>
    <depth></depth>
  </size>
  <segmented>0</segmented>
  <object>
    <name>Sauce</name>
    <truncated>0</truncated>
    <occluded>0</occluded>
    <difficult>0</difficult>
    <bndbox>
      <xmin>723.22</xmin>
      <ymin>1968.43</ymin>
      <xmax>2035.53</xmax>
      <ymax>2989.94</ymax>
    </bndbox>
    <attributes>
      <attribute>
        <name>States</name>
        <value>creamy</value>
      </attribute>
      <attribute>
        <name>rotation</name>
        <value>0.0</value>
      </attribute>
    </attributes>
  </object>
</annotation>
