<annotation>
  <folder>Adriana</folder>
  <filename>Adriana_Salazar/5.rqsoax2jybc41.jpg</filename>
  <source>
    <database>Unknown</database>
    <annotation>Unknown</annotation>
    <image>Unknown</image>
  </source>
  <size>
    <width>3024</width>
    <height>4032</height>
    <depth></depth>
  </size>
  <segmented>0</segmented>
  <object>
    <name>Cheese</name>
    <truncated>0</truncated>
    <occluded>0</occluded>
    <difficult>0</difficult>
    <bndbox>
      <xmin>911.9</xmin>
      <ymin>1807.0</ymin>
      <xmax>2666.9</xmax>
      <ymax>3790.4</ymax>
    </bndbox>
    <attributes>
      <attribute>
        <name>States</name>
        <value>creamy</value>
      </attribute>
      <attribute>
        <name>rotation</name>
        <value>0.0</value>
      </attribute>
    </attributes>
  </object>
</annotation>
