<annotation>
  <folder>Adriana</folder>
  <filename>Adriana_Salazar/51.Healthy_Cranberry_Sauce_Low_Sugar_Vegan_FromMyBowl-6-1170x1755.jpg</filename>
  <source>
    <database>Unknown</database>
    <annotation>Unknown</annotation>
    <image>Unknown</image>
  </source>
  <size>
    <width>1170</width>
    <height>1755</height>
    <depth></depth>
  </size>
  <segmented>0</segmented>
  <object>
    <name>Sauce</name>
    <truncated>0</truncated>
    <occluded>0</occluded>
    <difficult>0</difficult>
    <bndbox>
      <xmin>247.1</xmin>
      <ymin>711.41</ymin>
      <xmax>766.79</xmax>
      <ymax>1219.74</ymax>
    </bndbox>
    <attributes>
      <attribute>
        <name>States</name>
        <value>creamy</value>
      </attribute>
      <attribute>
        <name>rotation</name>
        <value>0.0</value>
      </attribute>
    </attributes>
  </object>
</annotation>
