<annotation>
  <folder>Adriana</folder>
  <filename>Adriana_Salazar/59.Dark-Chocolate-Topping-Sauce-Dessert-Icecream.jpg</filename>
  <source>
    <database>Unknown</database>
    <annotation>Unknown</annotation>
    <image>Unknown</image>
  </source>
  <size>
    <width>2880</width>
    <height>4320</height>
    <depth></depth>
  </size>
  <segmented>0</segmented>
  <object>
    <name>Sauce</name>
    <truncated>0</truncated>
    <occluded>0</occluded>
    <difficult>0</difficult>
    <bndbox>
      <xmin>412.6</xmin>
      <ymin>1258.45</ymin>
      <xmax>2020.3899999999999</xmax>
      <ymax>2922.1</ymax>
    </bndbox>
    <attributes>
      <attribute>
        <name>States</name>
        <value>creamy</value>
      </attribute>
      <attribute>
        <name>rotation</name>
        <value>0.0</value>
      </attribute>
    </attributes>
  </object>
</annotation>
