<annotation>
  <folder>Adriana</folder>
  <filename>Adriana_Salazar/60.4a0b01c2-1177-44a0-b167-e03d26d3e93f.02972e00df147a098d9c7a2ab596bc14.jpeg</filename>
  <source>
    <database>Unknown</database>
    <annotation>Unknown</annotation>
    <image>Unknown</image>
  </source>
  <size>
    <width>2000</width>
    <height>2000</height>
    <depth></depth>
  </size>
  <segmented>0</segmented>
  <object>
    <name>Sauce</name>
    <truncated>0</truncated>
    <occluded>0</occluded>
    <difficult>0</difficult>
    <bndbox>
      <xmin>547.06</xmin>
      <ymin>378.77</ymin>
      <xmax>1407.9</xmax>
      <ymax>679.74</ymax>
    </bndbox>
    <attributes>
      <attribute>
        <name>States</name>
        <value>creamy</value>
      </attribute>
      <attribute>
        <name>rotation</name>
        <value>0.0</value>
      </attribute>
    </attributes>
  </object>
</annotation>
