<annotation>
  <folder>Adriana</folder>
  <filename>Adriana_Salazar/75.apple-barbecue-sauce-333658-hero-01-f89e9526d6c84b53a85c4dc8d6eb73d6.jpg</filename>
  <source>
    <database>Unknown</database>
    <annotation>Unknown</annotation>
    <image>Unknown</image>
  </source>
  <size>
    <width>3000</width>
    <height>2001</height>
    <depth></depth>
  </size>
  <segmented>0</segmented>
  <object>
    <name>Sauce</name>
    <truncated>0</truncated>
    <occluded>0</occluded>
    <difficult>0</difficult>
    <bndbox>
      <xmin>819.9</xmin>
      <ymin>833.6</ymin>
      <xmax>1260.3</xmax>
      <ymax>1261.0</ymax>
    </bndbox>
    <attributes>
      <attribute>
        <name>States</name>
        <value>creamy</value>
      </attribute>
      <attribute>
        <name>rotation</name>
        <value>0.0</value>
      </attribute>
    </attributes>
  </object>
  <object>
    <name>Sauce</name>
    <truncated>0</truncated>
    <occluded>0</occluded>
    <difficult>0</difficult>
    <bndbox>
      <xmin>1171.81</xmin>
      <ymin>1220.44</ymin>
      <xmax>2087.06</xmax>
      <ymax>1479.6</ymax>
    </bndbox>
    <attributes>
      <attribute>
        <name>States</name>
        <value>creamy</value>
      </attribute>
      <attribute>
        <name>rotation</name>
        <value>342.09999999999997</value>
      </attribute>
    </attributes>
  </object>
</annotation>
