<annotation>
  <folder>Adriana</folder>
  <filename>Adriana_Salazar/77.creole-sauce-recipe-3052299-hero-01-578b45f53927466fa3cbcedc38651853.jpg</filename>
  <source>
    <database>Unknown</database>
    <annotation>Unknown</annotation>
    <image>Unknown</image>
  </source>
  <size>
    <width>5929</width>
    <height>3958</height>
    <depth></depth>
  </size>
  <segmented>0</segmented>
  <object>
    <name>Sauce</name>
    <truncated>0</truncated>
    <occluded>0</occluded>
    <difficult>0</difficult>
    <bndbox>
      <xmin>3352.3</xmin>
      <ymin>1261.8</ymin>
      <xmax>4268.1</xmax>
      <ymax>1780.6</ymax>
    </bndbox>
    <attributes>
      <attribute>
        <name>States</name>
        <value>creamy</value>
      </attribute>
      <attribute>
        <name>rotation</name>
        <value>0.0</value>
      </attribute>
    </attributes>
  </object>
</annotation>
