<annotation>
  <folder>Adriana</folder>
  <filename>Adriana_Salazar/83.sweet-bbq-sauce-recipe-640x960.jpg</filename>
  <source>
    <database>Unknown</database>
    <annotation>Unknown</annotation>
    <image>Unknown</image>
  </source>
  <size>
    <width>640</width>
    <height>960</height>
    <depth></depth>
  </size>
  <segmented>0</segmented>
  <object>
    <name>Sauce</name>
    <truncated>0</truncated>
    <occluded>0</occluded>
    <difficult>0</difficult>
    <bndbox>
      <xmin>128.89</xmin>
      <ymin>501.71</ymin>
      <xmax>400.74</xmax>
      <ymax>638.41</ymax>
    </bndbox>
    <attributes>
      <attribute>
        <name>States</name>
        <value>other</value>
      </attribute>
      <attribute>
        <name>rotation</name>
        <value>0.0</value>
      </attribute>
    </attributes>
  </object>
</annotation>
