<annotation>
  <folder>Adriana</folder>
  <filename>Adriana_Salazar/96.easy-refined-sugar-free-hoisin-sauce-vegan-16.jpg</filename>
  <source>
    <database>Unknown</database>
    <annotation>Unknown</annotation>
    <image>Unknown</image>
  </source>
  <size>
    <width>1440</width>
    <height>2160</height>
    <depth></depth>
  </size>
  <segmented>0</segmented>
  <object>
    <name>Sauce</name>
    <truncated>0</truncated>
    <occluded>0</occluded>
    <difficult>0</difficult>
    <bndbox>
      <xmin>268.97</xmin>
      <ymin>926.06</ymin>
      <xmax>754.8</xmax>
      <ymax>1376.93</ymax>
    </bndbox>
    <attributes>
      <attribute>
        <name>States</name>
        <value>creamy</value>
      </attribute>
      <attribute>
        <name>rotation</name>
        <value>0.0</value>
      </attribute>
    </attributes>
  </object>
</annotation>
